geo_area_name,extent_to_which_global_citizenship_education_and_education_for_sustainable_development_are_mainstreamed_in_curricula,extent_to_which_global_citizenship_education_and_education_for_sustainable_development_are_mainstreamed_in_national_education_policies,extent_to_which_global_citizenship_education_and_education_for_sustainable_development_are_mainstreamed_in_student_assessment,extent_to_which_global_citizenship_education_and_education_for_sustainable_development_are_mainstreamed_in_teacher_education,number_of_deaths_and_missing_persons_attributed_to_disasters_number,number_of_deaths_and_missing_persons_attributed_to_disasters_per_100_000_population_number,number_of_deaths_due_to_disaster_number,number_of_directly_affected_persons_attributed_to_disasters_per_100_000_population_number,number_of_injured_or_ill_people_attributed_to_disasters_number,number_of_least_developed_countries_and_small_island_developing_states_with_adaptation_communications_number,number_of_least_developed_countries_and_small_island_developing_states_with_biennial_update_reports_non_annex_i_parties_number,number_of_least_developed_countries_and_small_island_developing_states_with_national_adaptation_plans_number,number_of_least_developed_countries_and_small_island_developing_states_with_national_communications_non_annex_i_parties_number,number_of_least_developed_countries_and_small_island_developing_states_with_nationally_determined_contributions_number,number_of_local_governments_number,number_of_local_governments_that_adopt_and_implement_local_drr_strategies_in_line_with_national_strategies_number,number_of_missing_persons_due_to_disaster_number,number_of_people_affected_by_disaster_number,number_of_people_whose_damaged_dwellings_were_attributed_to_disasters_number,number_of_people_whose_destroyed_dwellings_were_attributed_to_disasters_number,number_of_people_whose_livelihoods_were_disrupted_or_destroyed_attributed_to_disasters_number,proportion_of_local_governments_that_adopt_and_implement_local_disaster_risk_reduction_strategies_in_line_with_national_disaster_risk_reduction_strategies_percent,score_of_adoption_and_implementation_of_national_drr_strategies_in_line_with_the_sendai_framework,total_greenhouse_gas_emissions_without_lulucf_for_non_annex_i_parties_mt_co2_equivalent
Cuba,1,1,1,0.95,10,0.08819,10,219.26865,NA,NA,NA,NA,NA,NA,NA,NA,0,24861,23643,1218,NA,NA,NA,36.29671
Dominican_Republic,0.872,0.969,1,0.825,NA,NA,NA,NA,NA,NA,NA,NA,NA,NA,NA,NA,NA,NA,NA,NA,NA,NA,NA,25.23077
Mauritius,0.802,NA,0.833,0.9,16,1.26408,16,0,1,NA,NA,NA,NA,NA,NA,NA,0,0,0,0,0,NA,0.975,6.59127
Saint_Kitts_and_Nevis,0.612,0.575,0.833,0.8,2,3.93887,2,0,0,NA,NA,NA,NA,NA,NA,NA,0,0,0,0,0,NA,NA,NA
American_Samoa,NA,NA,NA,NA,0,0,0,420.3127,0,NA,NA,NA,NA,NA,NA,NA,0,232,224,8,NA,NA,NA,NA
Antigua_and_Barbuda,NA,NA,NA,NA,4,4.08601,4,888.70729,1,NA,NA,NA,NA,NA,1,1,0,870,870,0,NA,100,0.6,0.59775
Barbados,NA,NA,NA,NA,0,0,0,69.10925,1,NA,NA,NA,NA,NA,0,0,0,192,191,0,0,0,1,1.979
Belize,NA,NA,NA,NA,1,0.30281,1,0,0,NA,NA,NA,NA,NA,NA,NA,0,0,0,0,0,NA,NA,1.20282
Cabo_Verde,NA,NA,NA,NA,1,0.18605,1,1.67442,5,NA,NA,NA,NA,NA,22,0,0,9,0,4,NA,0,0.7,0.44766
Comoros,NA,NA,NA,NA,6,0.70514,6,6895.0077,171,NA,NA,NA,NA,NA,3,3,14,58669,40021,18477,391,100,0,0.28505
Cook_Islands,NA,NA,NA,NA,0,0,0,0,0,NA,NA,NA,NA,NA,NA,NA,0,0,0,0,NA,NA,NA,NA
Dominica,NA,NA,NA,NA,0,0,0,12.77738,1,NA,NA,NA,NA,NA,NA,NA,0,9,0,8,NA,NA,NA,0.21153
Fiji,NA,NA,NA,NA,18,2.01919,16,26594.23745,1221,NA,NA,NA,NA,NA,13,0,2,237073,38553,14407,182892,0,0.975,2.71007
French_Polynesia,NA,NA,NA,NA,20,7.61275,20,0,0,NA,NA,NA,NA,NA,NA,NA,0,0,0,0,NA,NA,NA,NA
Grenada,NA,NA,NA,NA,0,0,0,0,0,NA,NA,NA,NA,NA,NA,NA,0,0,0,0,0,NA,0.925,NA
Guam,NA,NA,NA,NA,0,0,0,0,0,NA,NA,NA,NA,NA,NA,NA,0,0,0,0,NA,NA,NA,NA
Guinea-Bissau,NA,NA,NA,NA,1,0.05335,1,0.48018,1,NA,NA,NA,NA,NA,NA,NA,0,9,8,0,NA,NA,NA,13.06499
Guyana,NA,NA,NA,NA,3,0.402,3,116.98289,803,NA,NA,NA,NA,NA,NA,NA,0,873,70,0,154,NA,0.6,2.89131
Jamaica,NA,NA,NA,NA,0,0,0,0,0,NA,NA,NA,NA,NA,14,14,0,0,0,0,NA,100,0.075,14.91849
Kiribati,NA,NA,NA,NA,0,0,0,13.61952,0,NA,NA,NA,NA,NA,23,4,0,15,6,6,3,17.3913,0.925,0.17031
Maldives,NA,NA,NA,NA,1,0.18834,1,0,0,NA,NA,NA,NA,NA,190,NA,0,0,0,0,NA,NA,0,1.5359
Marshall_Islands,NA,NA,NA,NA,1,1.88118,1,106697.01644,3560,NA,NA,NA,NA,NA,24,3,0,56718,0,0,53158,12.5,0,0.16982
Micronesia_(Federated_States_of),NA,NA,NA,NA,0,0,0,0,0,NA,NA,NA,NA,NA,4,4,0,0,0,0,0,100,0.575,0.17393
New_Caledonia,NA,NA,NA,NA,0,0,0,0.70055,2,NA,NA,NA,NA,NA,NA,NA,0,2,0,0,NA,NA,NA,NA
Niue,NA,NA,NA,NA,0,0,0,0,0,NA,NA,NA,NA,NA,NA,NA,0,0,0,0,NA,NA,NA,0.02608
Northern_Mariana_Islands,NA,NA,NA,NA,0,0,0,0,0,NA,NA,NA,NA,NA,NA,NA,0,0,0,0,NA,NA,NA,NA
Palau,NA,NA,NA,NA,0,0,0,7507.79699,0,NA,NA,NA,NA,NA,16,10,0,1324,936,388,NA,62.5,0.725,0.34648
Papua_New_Guinea,NA,NA,NA,NA,40,0.5,40,41.2125,3007,NA,NA,NA,NA,NA,22,0,0,3297,20,20,250,0,0.775,10.19568
Saint_Lucia,NA,NA,NA,NA,0,0,0,0,0,NA,NA,NA,NA,NA,NA,NA,0,0,0,0,0,NA,0.825,0.6476
Saint_Vincent_and_the_Grenadines,NA,NA,NA,NA,0,0,0,58.78679,2,NA,NA,NA,NA,NA,NA,NA,0,64,28,0,34,NA,0.525,0.38102
Samoa,NA,NA,NA,NA,0,0,0,96.29344,15,NA,NA,NA,NA,NA,14,7,0,195,60,60,60,50,0.725,NA
Seychelles,NA,NA,NA,NA,1,1.04337,0,0,0,NA,NA,NA,NA,NA,NA,NA,1,0,0,0,NA,NA,NA,0.33008
Solomon_Islands,NA,NA,NA,NA,35,5.03873,35,336.73136,6,NA,NA,NA,NA,NA,10,8,0,2339,136,437,1760,80,0.025,0.61861
Timor-Leste,NA,NA,NA,NA,4,0.32806,4,0,7,NA,NA,NA,NA,NA,NA,NA,0,0,0,0,NA,NA,NA,1.27659
Tonga,NA,NA,NA,NA,0,0,0,67.56018,0,NA,NA,NA,NA,NA,6,4,0,68,68,0,80000,66.66667,0.475,0.19219
Trinidad_and_Tobago,NA,NA,NA,NA,129,9.45758,129,1196.56741,14379,NA,NA,NA,NA,NA,15,15,0,16321,388,0,1554,100,0.75,NA
Tuvalu,NA,NA,NA,NA,0,0,0,38568.52103,0,NA,NA,NA,NA,NA,9,9,0,4548,1774,1774,1000,100,0.3,0.01843
Vanuatu,NA,NA,NA,NA,3,1.08124,3,88950.79994,122,NA,NA,NA,NA,NA,6,6,0,246802,86680,0,160000,100,0.65,0.58623
Small_island_developing_States_(SIDS),NA,NA,NA,NA,NA,NA,NA,NA,NA,1,2.75,7,24.25,22.5,NA,NA,NA,NA,NA,NA,NA,NA,NA,NA
Nauru,NA,NA,NA,NA,NA,NA,NA,NA,NA,NA,NA,NA,NA,NA,1,1,NA,NA,NA,NA,NA,100,0.6,0.04219
Haiti,NA,NA,NA,NA,NA,NA,NA,NA,NA,NA,NA,NA,NA,NA,NA,NA,NA,NA,NA,NA,NA,NA,0.5,6.68312
Bahamas,NA,NA,NA,NA,NA,NA,NA,NA,NA,NA,NA,NA,NA,NA,NA,NA,NA,NA,NA,NA,NA,NA,NA,0.72458
Sao_Tome_and_Principe,NA,NA,NA,NA,NA,NA,NA,NA,NA,NA,NA,NA,NA,NA,NA,NA,NA,NA,NA,NA,NA,NA,NA,0.15342
Singapore,NA,NA,NA,NA,NA,NA,NA,NA,NA,NA,NA,NA,NA,NA,NA,NA,NA,NA,NA,NA,NA,NA,NA,48.33387
Suriname,NA,NA,NA,NA,NA,NA,NA,NA,NA,NA,NA,NA,NA,NA,NA,NA,NA,NA,NA,NA,NA,NA,NA,3.33
