geo_area_name,annual_mean_levels_of_fine_particulate_matter_population_weighted_by_location_micrograms_per_cubic_meter,countries_that_have_national_urban_policies_or_regional_development_plans_that_respond_to_population_dynamics_ensure_balanced_territorial_development_and_increase_local_fiscal_space_1_yes_0_no,direct_agriculture_loss_attributed_to_disasters_current_united_states_dollars,direct_economic_loss_attributed_to_disasters_current_united_states_dollars,direct_economic_loss_attributed_to_disasters_relative_to_gdp_percent,direct_economic_loss_in_the_housing_sector_attributed_to_disasters_current_united_states_dollars,direct_economic_loss_resulting_from_damaged_or_destroyed_critical_infrastructure_attributed_to_disasters_current_united_states_dollars,municipal_solid_waste_collection_coverage_by_cities_percent,number_of_damaged_critical_infrastructure_attributed_to_disasters_number,number_of_deaths_and_missing_persons_attributed_to_disasters_number,number_of_deaths_and_missing_persons_attributed_to_disasters_per_100_000_population_number,number_of_deaths_due_to_disaster_number,number_of_destroyed_or_damaged_educational_facilities_attributed_to_disasters_number,number_of_destroyed_or_damaged_health_facilities_attributed_to_disasters_number,number_of_directly_affected_persons_attributed_to_disasters_per_100_000_population_number,number_of_disruptions_to_basic_services_attributed_to_disasters_number,number_of_disruptions_to_educational_services_attributed_to_disasters_number,number_of_disruptions_to_health_services_attributed_to_disasters_number,number_of_disruptions_to_other_basic_services_attributed_to_disasters_number,number_of_injured_or_ill_people_attributed_to_disasters_number,number_of_local_governments_number,number_of_local_governments_that_adopt_and_implement_local_drr_strategies_in_line_with_national_strategies_number,number_of_missing_persons_due_to_disaster_number,number_of_other_destroyed_or_damaged_critical_infrastructure_units_and_facilities_attributed_to_disasters_number,number_of_people_affected_by_disaster_number,number_of_people_whose_damaged_dwellings_were_attributed_to_disasters_number,number_of_people_whose_destroyed_dwellings_were_attributed_to_disasters_number,number_of_people_whose_livelihoods_were_disrupted_or_destroyed_attributed_to_disasters_number,proportion_of_local_governments_that_adopt_and_implement_local_disaster_risk_reduction_strategies_in_line_with_national_disaster_risk_reduction_strategies_percent,proportion_of_urban_population_living_in_slums_percent,score_of_adoption_and_implementation_of_national_drr_strategies_in_line_with_the_sendai_framework,total_expenditure_per_capita_spent_on_cultural_and_natural_heritage_public_ppp_constant_2017_united_states_dollars
Antigua_and_Barbuda,19.365053333333332,0,22390.544,1954575,0.001407,1954575,68574,89,61,4,4.08601,4,4,1,888.70729,0,NA,NA,0,1,1,1,0,56,870,870,0,NA,100,NA,0.6,NA
Bahamas,16.293723333333332,0,NA,NA,NA,NA,NA,NA,NA,NA,NA,NA,NA,NA,NA,NA,NA,NA,NA,NA,NA,NA,NA,NA,NA,NA,NA,NA,NA,NA,NA,NA
Barbados,24.71145333333333,0,95209.708,524475,1.05e-4,524475,226116,NA,0,0,0,0,0,0,69.10925,26,0,10,16,1,0,0,0,0,192,191,0,0,0,NA,1,NA
Belize,20.637766666666668,0,755032.46619,12201365.96619,0.00886,10921237.5,525096,45.1,0,1,0.30281,1,0,0,0,2,0,1,1,0,NA,NA,0,0,0,0,0,0,NA,5,NA,NA
Cabo_Verde,62.37435333333333,1,43480.36,25950,1.5e-5,25950,115434,70.57,0,1,0.18605,1,0,0,1.67442,0,0,0,0,5,22,0,0,NA,9,0,4,NA,0,NA,0.7,NA
Comoros,15.371783333333333,1,696.79479,114434775,0.09783,114434775,NA,NA,0,6,0.70514,6,0,0,6895.0077,0,0,0,0,171,3,3,14,NA,58669,40021,18477,391,100,68.4,0,NA
Cook_Islands,8.86636,0,NA,NA,NA,NA,NA,NA,0,0,0,0,0,0,0,0,0,0,0,0,NA,NA,0,NA,0,0,0,NA,NA,NA,NA,NA
Cuba,19.381083333333333,1,287.6,315.4,0,27,0.8,76.00999999999999,39,10,0.08819,10,18,21,219.26865,0,NA,NA,0,NA,NA,NA,0,NA,24861,23643,1218,NA,NA,6.6,NA,NA
Dominica,20.279463333333332,0,13967260.3752,116916,2.25e-4,59100,57816,NA,1,0,0,0,1,1,12.77738,0,NA,NA,0,1,NA,NA,0,NA,9,0,8,NA,NA,NA,NA,NA
Dominican_Republic,15.477123333333333,1,NA,NA,NA,NA,NA,89.00084,NA,NA,NA,NA,NA,NA,NA,NA,NA,NA,NA,NA,NA,NA,NA,NA,NA,NA,NA,NA,NA,14.8,NA,NA
Fiji,10.702896666666668,1,12969859.75581,24247723.77723,0.005618,11277864.02142,8948205.42301,NA,0,18,2.01919,16,0,0,26594.23745,0,0,0,0,1221,13,0,2,0,237073,38553,14407,182892,0,11.2,0.975,NA
Grenada,22.367366666666666,0,NA,162525,2.09e-4,162525,934428,NA,0,0,0,0,0,0,0,0,1,1,0,0,NA,NA,0,0,0,0,0,0,NA,6,0.925,NA
Guinea-Bissau,54.40354333333333,0,NA,11850,8e-6,11850,NA,NA,0,1,0.05335,1,0,0,0.48018,0,0,0,0,1,NA,NA,0,NA,9,8,0,NA,NA,74.4,NA,NA
Guyana,23.68310333333333,0,97600632.3072,100144644.3072,0.024028,139500,2404512,73.35971,44,3,0.402,3,44,1,116.98289,0,NA,NA,0,803,NA,NA,0,NA,873,70,0,154,NA,31.1,0.6,NA
Haiti,17.694616666666665,0,NA,NA,NA,NA,NA,33.5,NA,NA,NA,NA,NA,NA,NA,NA,NA,NA,NA,NA,NA,NA,NA,NA,NA,NA,NA,NA,NA,65.9,0.5,NA
Jamaica,14.72812,0,25533459.8112,119606124.8112,0.008078,85372875,8699790,NA,0,0,0,0,0,0,0,0,1,0,0,0,14,14,0,NA,0,0,0,NA,100,57.1,0.075,NA
Kiribati,11.153546666666667,1,NA,30750,1.54e-4,30750,NA,NA,0,0,0,0,0,0,13.61952,0,NA,NA,0,0,23,4,0,0,15,6,6,3,17.3913,NA,0.925,NA
Maldives,11.12912,1,NA,316500,6.8e-5,316500,109560,38.2,0,1,0.18834,1,0,0,0,0,0,0,0,0,190,NA,0,0,0,0,0,NA,NA,30.1,0,NA
Marshall_Islands,10.19849,1,1781682,1781682,0.008842,454125,NA,60,0,1,1.88118,1,0,0,106697.01644,4,0,0,4,3560,24,3,0,0,56718,0,0,53158,12.5,NA,0,NA
Mauritius,10.46705,1,353707.64,626557.64,4.9e-5,272850,NA,98,0,16,1.26408,16,0,0,0,0,1,0,0,1,NA,NA,0,0,0,0,0,0,NA,NA,0.975,11.04
Micronesia_(Federated_States_of),10.56876,1,NA,8270325,0.020025,8270325,NA,NA,0,0,0,0,0,0,0,75,75,0,0,0,4,4,0,0,0,0,0,0,100,NA,0.575,NA
Nauru,8.756986666666666,1,NA,NA,NA,NA,NA,NA,NA,NA,NA,NA,NA,NA,NA,NA,NA,NA,NA,NA,1,1,NA,NA,NA,NA,NA,NA,100,NA,0.6,NA
Niue,9.34344,0,NA,NA,NA,NA,NA,NA,0,0,0,0,0,0,0,0,0,0,0,0,NA,NA,0,NA,0,0,0,NA,NA,NA,NA,NA
Palau,8.768229999999999,1,NA,6190257,0.029145,6058125,132132,NA,2,0,0,0,2,0,7507.79699,1,1,0,0,0,16,10,0,NA,1324,936,388,NA,62.5,NA,0.725,NA
Papua_New_Guinea,11.43605,1,30195,1593750,6.8e-5,1593750,NA,NA,0,40,0.5,40,0,0,41.2125,0,0,0,0,3007,22,0,0,NA,3297,20,20,250,0,NA,0.775,NA
Saint_Kitts_and_Nevis,9.746273333333333,0,615400.896,37950,4.5e-5,37950,68772,NA,0,2,3.93887,2,0,0,0,0,0,0,0,0,NA,NA,0,0,0,0,0,0,NA,NA,NA,NA
Saint_Lucia,21.644646666666667,0,5432776.2104,153525,9.7e-5,77625,75900,100,0,0,0,0,0,0,0,5,0,1,4,0,NA,NA,0,0,0,0,0,0,NA,11.2,0.825,NA
Saint_Vincent_and_the_Grenadines,22.059763333333333,0,245745.8168,107356.5,1.48e-4,50662.5,56694,NA,1,0,0,0,1,4,58.78679,0,NA,NA,0,2,NA,NA,0,NA,64,28,0,34,NA,NA,0.525,NA
Samoa,10.80031,1,103714.6,27241398,0.04659,26761050,480348,NA,0,0,0,0,0,0,96.29344,9,1,1,9,15,14,7,0,0,195,60,60,60,50,NA,0.725,NA
Sao_Tome_and_Principe,38.85066666666666,1,NA,NA,NA,NA,NA,NA,NA,NA,NA,NA,NA,NA,NA,NA,NA,NA,NA,NA,NA,NA,NA,NA,NA,NA,NA,NA,NA,85.7,NA,NA
Seychelles,13.678333333333333,0,646.75273,120900,7.9e-5,120900,NA,NA,0,1,1.04337,0,0,0,0,0,0,0,0,0,NA,NA,1,NA,0,0,0,NA,NA,NA,NA,NA
Singapore,16.611173333333333,1,NA,NA,NA,NA,NA,100,NA,NA,NA,NA,NA,NA,NA,NA,NA,NA,NA,NA,NA,NA,NA,NA,NA,NA,NA,NA,NA,NA,NA,NA
Solomon_Islands,11.30234,1,NA,12626950.5,0.009829,12431062.5,195888,NA,3,35,5.03873,35,3,0,336.73136,10,4,0,6,6,10,8,0,0,2339,136,437,1760,80,NA,0.025,NA
Suriname,25.761683333333334,0,NA,NA,NA,NA,NA,NA,NA,NA,NA,NA,NA,NA,NA,NA,NA,NA,NA,NA,NA,NA,NA,NA,NA,NA,NA,NA,NA,5.9,NA,NA
Timor-Leste,16.63704,1,46817.298,664125,4.15e-4,664125,876480,NA,0,4,0.32806,4,0,0,0,0,1,0,0,7,NA,NA,0,NA,0,0,0,NA,NA,33.4,NA,NA
Tonga,10.92984,1,NA,8579025,0.017536,8579025,65076,NA,0,0,0,0,0,0,67.56018,0,0,0,0,0,6,4,0,NA,68,68,0,80000,66.66667,NA,0.475,NA
Trinidad_and_Tobago,23.4421,0,NA,82531.97233,4e-6,82531.97233,NA,NA,0,129,9.45758,129,0,0,1196.56741,0,0,1,0,14379,15,15,0,0,16321,388,0,1554,100,5.4,0.75,NA
Tuvalu,8.50314,1,NA,NA,NA,NA,NA,NA,0,0,0,0,0,0,38568.52103,0,0,0,0,0,9,9,0,NA,4548,1774,1774,1000,100,NA,0.3,NA
Vanuatu,10.632163333333333,1,NA,64500000,0.070515,64500000,100980,NA,5,3,1.08124,3,5,0,88950.79994,0,2,1,0,122,6,6,0,NA,246802,86680,0,160000,100,NA,0.65,NA
American_Samoa,NA,0,NA,NA,NA,NA,NA,NA,0,0,0,0,0,0,420.3127,1,1,0,0,0,NA,NA,0,NA,232,224,8,NA,NA,NA,NA,NA
Anguilla,NA,0,NA,NA,NA,NA,NA,100,NA,NA,NA,NA,NA,NA,NA,NA,NA,NA,NA,NA,NA,NA,NA,NA,NA,NA,NA,NA,NA,NA,NA,NA
Aruba,NA,0,NA,NA,NA,NA,NA,NA,NA,NA,NA,NA,NA,NA,NA,NA,NA,NA,NA,NA,NA,NA,NA,NA,NA,NA,NA,NA,NA,NA,NA,NA
"Bonaire,_Sint_Eustatius_and_Saba",NA,0,NA,NA,NA,NA,NA,NA,NA,NA,NA,NA,NA,NA,NA,NA,NA,NA,NA,NA,NA,NA,NA,NA,NA,NA,NA,NA,NA,NA,NA,NA
British_Virgin_Islands,NA,0,NA,NA,NA,NA,NA,NA,NA,NA,NA,NA,NA,NA,NA,NA,NA,NA,NA,NA,NA,NA,NA,NA,NA,NA,NA,NA,NA,NA,NA,NA
Curaçao,NA,0,NA,NA,NA,NA,NA,NA,NA,NA,NA,NA,NA,NA,NA,NA,NA,NA,NA,NA,NA,NA,NA,NA,NA,NA,NA,NA,NA,NA,NA,NA
French_Polynesia,NA,0,NA,NA,NA,NA,NA,NA,0,20,7.61275,20,0,0,0,0,0,0,0,0,NA,NA,0,NA,0,0,0,NA,NA,NA,NA,NA
Guam,NA,0,NA,NA,NA,NA,NA,NA,0,0,0,0,0,0,0,0,0,0,0,0,NA,NA,0,NA,0,0,0,NA,NA,NA,NA,NA
Montserrat,NA,0,NA,NA,NA,NA,NA,NA,NA,NA,NA,NA,NA,NA,NA,NA,NA,NA,NA,NA,NA,NA,NA,NA,NA,NA,NA,NA,NA,NA,NA,NA
New_Caledonia,NA,1,NA,NA,NA,NA,NA,NA,0,0,0,0,0,0,0.70055,1,1,0,0,2,NA,NA,0,NA,2,0,0,NA,NA,NA,NA,NA
Northern_Mariana_Islands,NA,0,NA,NA,NA,NA,NA,NA,0,0,0,0,0,0,0,0,0,0,0,0,NA,NA,0,NA,0,0,0,NA,NA,NA,NA,NA
Puerto_Rico,NA,1,NA,NA,NA,NA,NA,NA,NA,NA,NA,NA,NA,NA,NA,NA,NA,NA,NA,NA,NA,NA,NA,NA,NA,NA,NA,NA,NA,NA,NA,NA
Sint_Maarten_(Dutch_part),NA,0,NA,NA,NA,NA,NA,NA,NA,NA,NA,NA,NA,NA,NA,NA,NA,NA,NA,NA,NA,NA,NA,NA,NA,NA,NA,NA,NA,NA,NA,NA
United_States_Virgin_Islands,NA,0,NA,NA,NA,NA,NA,NA,NA,NA,NA,NA,NA,NA,NA,NA,NA,NA,NA,NA,NA,NA,NA,NA,NA,NA,NA,NA,NA,NA,NA,NA
